[
  {
    "id": 1753268131133,
    "name": "Likho Pikelela",
    "email": "pikelelalikho@gmail.com",
    "phone": "0791268223",
    "service": "Design Service",
    "message": "create a poster",
    "timestamp": "2025-07-23T10:55:31.133Z"
  },
  {
    "id": 1753355647445,
    "name": "Likho Pikelela",
    "email": "pikelelalikho@gmail.com",
    "phone": "0791268223",
    "service": "General Inquiry",
    "message": "can you help me buld a web site",
    "timestamp": "2025-07-24T11:14:07.445Z"
  },
  {
    "id": 1753449327000,
    "name": "likho",
    "email": "pikelelalikho@gmail.com",
    "phone": "0791268223",
    "service": "computer",
    "message": "my pc is supper slow",
    "timestamp": "2025-07-25T13:15:27.000Z"
  },
  {
    "id": 1753708343784,
    "name": "likho",
    "email": "lilpikelela@gmail.com",
    "phone": "0791268223",
    "service": "Design Service",
    "message": "i want a website",
    "timestamp": "2025-07-28T13:12:23.784Z"
  }
]